"","age","pop_nv","pop_nv_p","pop_fv","pop_fv_p","nv_s","fv_s","nv_s_p","fv_s_p","Efficacy"
"1","<50",1116834,23.3,3501118,73,43,11,3.85016931791117,0.31418535450676,91.8397003205767
"2",">50",186078,7.9,2133516,90.4,171,290,91.8969464418147,13.5925861348122,85.2088816210901
"3","Total",1302912,18.2,5634634,78.7,214,301,16.4247470281953,5.34196187365497,67.4761391180956
